K,avg_highlight_precision,avg_highlight_recall,avg_highlight_f1,avg_quality,avg_DCG,avg_nDCG
10,0.796667,0.230563,0.344977,2.213333,10.173565,0.76368
20,0.774917,0.441904,0.542304,2.133333,15.30467,0.772148
30,0.74668,0.632746,0.658663,2.054444,19.332015,0.791412
40,0.725559,0.807425,0.737976,1.999167,22.869234,0.829324
50,0.711349,0.983333,0.799069,1.965667,26.180147,0.899343
